{
  "t": [
    0.0,
    0.4,
    0.8,
    1.2,
    1.6
  ],
  "joint_angles": [
    [
      0.9991825303714951,
      0.8636807900642369,
      0.7611539021094756,
      0.24838956725274083,
      0.7301037647405784,
      0.9846688660017026
    ],
    [
      0.7839424227833467,
      0.9473701361914315,
      0.2467714655562638,
      -0.6913435674491282,
      -0.9753596882911852,
      -0.3021295136010735
    ],
    [
      -0.9812329138233797,
      -0.6582118306358867,
      0.3221085617501277,
      0.9808190049450816,
      0.659416432052155,
      -0.3212662789707961
    ],
    [
      0.9081669447545783,
      0.09157049301354293,
      -0.8165944878111304,
      -0.908180766796923,
      -0.09159515410864341,
      0.8165865462065768
    ],
    [
      -0.4887026915349831,
      0.5112126890671805,
      0.9999155501783816,
      0.4887031371010693,
      -0.5112123598704451,
      -0.9999155529438064
    ]
  ],
  "joint_velocities": [],
  "robot_positions": [
    [
      [
        0.0,
        0.0,
        0.2
      ]
    ],
    [
      [
        0.0,
        0.0,
        0.2
      ]
    ],
    [
      [
        0.0,
        0.0,
        0.2
      ]
    ],
    [
      [
        0.0,
        0.0,
        0.2
      ]
    ],
    [
      [
        0.0,
        0.0,
        0.2
      ]
    ]
  ],
  "robot_velocities": [
    [
      [
        0.0,
        0.0,
        0.0
      ]
    ],
    [
      [
        0.0,
        0.0,
        0.0
      ]
    ],
    [
      [
        0.0,
        0.0,
        0.0
      ]
    ],
    [
      [
        0.0,
        0.0,
        0.0
      ]
    ],
    [
      [
        0.0,
        0.0,
        0.0
      ]
    ]
  ],
  "cpg_states": [
    {
      "theta": [
        0.04043713711155483,
        0.528269130122312,
        0.7057059198232233,
        4.963406343957759,
        5.530862768882157,
        0.17533093789588428
      ],
      "theta_dot": [
        36.251517786878054,
        26.036733562911916,
        -33.60725462438842,
        45.44532058573235,
        21.45727538730943,
        -2.015966819874839
      ],
      "x": [
        0.9991825303714951,
        0.8636807900642369,
        0.7611539021094756,
        0.24838956725274083,
        0.7301037647405784,
        0.9846688660017026
      ]
    },
    {
      "theta": [
        0.6698055161800781,
        5.957307707375569,
        4.961736247460124,
        3.949042036401379,
        2.919141882640747,
        1.8777221036275258
      ],
      "theta_dot": [
        7.960965062365417,
        7.405871165105441,
        6.847348577293983,
        6.472451224987216,
        6.283640613679215,
        6.220344293322513
      ],
      "x": [
        0.7839424227833467,
        0.9473701361914315,
        0.2467714655562638,
        -0.6913435674491282,
        -0.9753596882911852,
        -0.3021295136010735
      ]
    },
    {
      "theta": [
        3.335634310551844,
        2.2892373595141944,
        1.2428404118540937,
        0.19617659936920956,
        5.4324312262307455,
        4.3853226323686325
      ],
      "theta_dot": [
        6.309291798159202,
        6.300589758550227,
        6.291887624255979,
        6.286086117124814,
        6.28318532098706,
        6.282218378431827
      ],
      "x": [
        -0.9812329138233797,
        -0.6582118306358867,
        0.3221085617501277,
        0.9808190049450816,
        0.659416432052155,
        -0.3212662789707961
      ]
    },
    {
      "theta": [
        5.851273099445503,
        4.804087930834458,
        3.756902762223559,
        2.7097134660842266,
        1.6625200424163276,
        0.6153238670626457
      ],
      "theta_dot": [
        6.28358908714182,
        6.283454493826458,
        6.283319900506994,
        6.283230171623667,
        6.283185307180188,
        6.2831703523652305
      ],
      "x": [
        0.9081669447545783,
        0.09157049301354293,
        -0.8165944878111304,
        -0.908180766796923,
        -0.09159515410864341,
        0.8165865462065768
      ]
    },
    {
      "theta": [
        2.0813984883500902,
        1.034201128668458,
        6.270189076166413,
        5.222991652646459,
        4.175794165288183,
        3.128596635371026
      ],
      "theta_dot": [
        6.2831915522328,
        6.283189470548396,
        6.283187388864011,
        6.283186001074381,
        6.283185307179573,
        6.283185075881324
      ],
      "x": [
        -0.4887026915349831,
        0.5112126890671805,
        0.9999155501783816,
        0.4887031371010693,
        -0.5112123598704451,
        -0.9999155529438064
      ]
    }
  ]
}