{
  "t": [
    0.0,
    0.2,
    0.4,
    0.6,
    0.8
  ],
  "joint_angles": [
    [
      0.9415270724259597,
      0.051641136631745146,
      0.18245164947471243,
      -0.3501126104194938,
      -0.30044800730199545,
      -0.17436924462786635,
      -0.9662378254639553
    ],
    [
      -0.41674208464609924,
      -0.9954071424399384,
      -0.47549693628901635,
      0.6950231324968398,
      0.9023521112955641,
      0.0035012740645914016,
      -0.8300286790000962
    ],
    [
      -0.9924928013670158,
      -0.6419359944658171,
      0.30222585412622194,
      0.9594148625057457,
      0.7897340502407065,
      -0.010755513615236105,
      -0.7932414253279936
    ],
    [
      -0.9848671006546104,
      -0.4630560360164138,
      0.4209557486855611,
      0.9746983303913642,
      0.7776521672736402,
      -0.010260171588398386,
      -0.7888963182281744
    ],
    [
      -0.9748574499210784,
      -0.43101318308148195,
      0.4394323818443324,
      0.9767449508941982,
      0.7758357838948402,
      -0.010134349409656336,
      -0.7882234917098071
    ]
  ],
  "joint_velocities": [],
  "robot_positions": [
    [
      [
        0.0,
        0.0,
        0.2
      ]
    ],
    [
      [
        0.0,
        0.0,
        0.2
      ]
    ],
    [
      [
        0.0,
        0.0,
        0.2
      ]
    ],
    [
      [
        0.0,
        0.0,
        0.2
      ]
    ],
    [
      [
        0.0,
        0.0,
        0.2
      ]
    ]
  ],
  "robot_velocities": [
    [
      [
        0.0,
        0.0,
        0.0
      ]
    ],
    [
      [
        0.0,
        0.0,
        0.0
      ]
    ],
    [
      [
        0.0,
        0.0,
        0.0
      ]
    ],
    [
      [
        0.0,
        0.0,
        0.0
      ]
    ],
    [
      [
        0.0,
        0.0,
        0.0
      ]
    ]
  ],
  "cpg_states": [
    {
      "theta": [
        0.3436621330291473,
        4.764053097429123,
        1.387316946224861,
        4.354697660048528,
        1.875958654775728,
        4.537123817267911,
        3.4021838449427064
      ],
      "theta_dot": [
        4.740536753684285,
        21.03462757940354,
        16.632244044660926,
        8.911095698777313,
        28.703911967950226,
        26.806908233606087,
        34.34894092428719
      ],
      "x": [
        0.9415270724259597,
        0.051641136631745146,
        0.18245164947471243,
        -0.3501126104194938,
        -0.30044800730199545,
        -0.17436924462786635,
        -0.9662378254639553
      ]
    },
    {
      "theta": [
        4.28253058484457,
        3.2374715104434397,
        2.066325154079121,
        0.8023442527771086,
        5.8375850359078765,
        4.7158902616029605,
        3.733229876188778
      ],
      "theta_dot": [
        27.618517401160688,
        25.050969341897897,
        23.005476096901216,
        23.929770132353852,
        27.680810400482343,
        31.028364264989786,
        32.37262694243118
      ],
      "x": [
        -0.41674208464609924,
        -0.9954071424399384,
        -0.47549693628901635,
        0.6950231324968398,
        0.9023521112955641,
        0.0035012740645914016,
        -0.8300286790000962
      ]
    },
    {
      "theta": [
        3.2642026897837457,
        2.267816840680477,
        1.2637694848044703,
        0.2858764540637948,
        5.62276432501301,
        4.701633259390432,
        3.7962749415018244
      ],
      "theta_dot": [
        28.267557628501947,
        29.06146777257259,
        29.96887506803029,
        30.70234644763617,
        31.17684869191993,
        31.418014938593885,
        31.50009621257605
      ],
      "x": [
        -0.9924928013670158,
        -0.6419359944658171,
        0.30222585412622194,
        0.9594148625057457,
        0.7897340502407065,
        -0.010755513615236105,
        -0.7932414253279936
      ]
    },
    {
      "theta": [
        2.9674018297127955,
        2.052236402387728,
        1.1362976111373688,
        0.22542888524800375,
        5.603311667885974,
        4.702128628771136,
        3.8033780469390783
      ],
      "theta_dot": [
        30.849661345732606,
        31.01329897843877,
        31.184941569956916,
        31.30995112047687,
        31.383049981659937,
        31.41728287175223,
        31.428337729386357
      ],
      "x": [
        -0.9848671006546104,
        -0.4630560360164138,
        0.4209557486855611,
        0.9746983303913642,
        0.7776521672736402,
        -0.010260171588398386,
        -0.7888963182281744
      ]
    },
    {
      "theta": [
        2.916876743154419,
        2.016411635613691,
        1.115829648643012,
        0.21608213784920594,
        5.600427673987625,
        4.702254457492225,
        3.8044721489358406
      ],
      "theta_dot": [
        31.32341550935627,
        31.350477916472567,
        31.378657979928406,
        31.39897270555997,
        31.410718526070664,
        31.416163979167404,
        31.41791031832481
      ],
      "x": [
        -0.9748574499210784,
        -0.43101318308148195,
        0.4394323818443324,
        0.9767449508941982,
        0.7758357838948402,
        -0.010134349409656336,
        -0.7882234917098071
      ]
    }
  ]
}